Metrica,Version_Actual,Version_Anterior,Mejora
MAE (Error Medio),7.402027027027027,14.162162162162161,47.733778625954194
Inflacion Media,1.0830484178216764,1.2813209337684153,15.474071383787638
Residual Medio,19.12837837837838,27.54391891891892,30.553170612044646
Muestras,296.0,296.0,0.0
