Metrica,Version_Actual,Version_Antigua,Diferencia
MAE (Error Medio),7.402027027027027,10.736486486486486,-3.3344594594594588
Inflacion Media,1.0830484178216764,0.940227940952891,0.1428204768687854
Residual Medio,19.12837837837838,14.746621621621621,4.381756756756758
Muestras,296.0,296.0,0.0
