Metrica,ACTUAL,ANTIGUA,REF (Copia)
MAE Global (uvas),6.608108108108108,7.402027027027027,10.736486486486486
Precision Media (%),87.98853649346884,85.86888117509848,80.69402162191285
Inflacion Media,0.9982397465234993,1.0496978231532008,0.917268086604471
Residual Medio,16.16554054054054,19.12837837837838,14.746621621621621
Error Calibre (CDF),0.06003116950789165,0.05087874856198559,0.14497391967027373
