Metrica,NUEVA (Actual),ANTIGUA (Copia),Delta,Mejora_%
MAE (Error Medio),6.608108108108108,10.736486486486486,-4.128378378378378,+38.45%
Inflacion Media,0.9982397465234993,0.917268086604471,0.08097165991902833,-8.83%
Residual Medio,16.16554054054054,14.746621621621621,1.4189189189189193,-9.62%
Error Calibre (CDF L1),0.06003116950789165,0.14497391967027373,-0.08494275016238209,+58.59%
